<?xml version="1.0" encoding="UTF-8"?>
<!DOCTYPE mapper PUBLIC "-//mybatis.org//DTD Mapper 3.0//EN" "http://mybatis.org/dtd/mybatis-3-mapper.dtd">

<mapper namespace="com.lec.my.dao.MyboardDAO">
	<resultMap type="myboard" id="myboardResult">
		<result property="bid" column="bid" />
		<result property="bname" column="bname" />
		<result property="btitle" column="btitle" />
		<result property="bcontent" column="bcontent" />
		<result property="bdate" column="bdate" />
		<result property="bhit" column="bhit" />
		<result property="bgroup" column="bgroup" />
		<result property="bstep" column="bstep" />
		<result property="bindent" column="bindent" />
		<result property="bip" column="bip" />
	</resultMap>

	<select id="listMyboard" parameterType="myboard" resultMap="myboardResult">
		SELECT * FROM (SELECT ROWNUM RN, A.* 
        FROM (SELECT * FROM MVC_BOARD ORDER BY BGROUP DESC, BSTEP) A)
    			WHERE RN BETWEEN #{startRow} AND #{endRow}
	</select>

	<select id="totCnt" resultType="int">
		SELECT COUNT(*) FROM MVC_BOARD
	</select>

	<insert id="insertMyboard" parameterType="myboard">
		INSERT INTO MVC_BOARD (bID, bNAME, bTITLE, bCONTENT, bGROUP, bSTEP, bINDENT, bIP)
   		 VALUES (MVC_BOARD_SEQ.NEXTVAL, #{bname}, #{btitle}, #{bcontent},
   		 				 MVC_BOARD_SEQ.CURRVAL, 0, 0, #{bip})
	</insert>
	
	<update id="bhitUp" parameterType="int">
		UPDATE MVC_BOARD SET bHIT = bHIT+1 WHERE bID=#{bid}
	</update>
	
	<select id="detailMyborad" parameterType="int" resultMap="myboardResult">
		SELECT * FROM MVC_BOARD WHERE BID=#{bid}
	</select>

	<update id="stepReply" parameterType="myboard" >
		UPDATE MVC_BOARD SET BSTEP=BSTEP+1 WHERE BGROUP= #{bgroup} AND BSTEP> #{bstep}
	</update>

	<insert id="insertReply" parameterType="myboard">
		INSERT INTO MVC_BOARD (bID, bNAME, bTITLE, bCONTENT, bGROUP, bSTEP, bINDENT, bIP)
    VALUES (MVC_BOARD_SEQ.NEXTVAL, #{bname}, #{btitle}, #{bcontent},
    				#{bgroup}, #{bstep}, #{bindent}, #{bip})
	</insert>
	
	<insert id="modifyMyborad" parameterType="myboard">
		UPDATE MVC_BOARD SET BNAME= #{bname},
                    BTITLE = #{btitle},
                    BCONTENT = #{bcontent},
                    BIP = #{bip}
        WHERE BID= #{bid}
	</insert>
	
	<delete id="deleteMyboard" parameterType="int">
		DELETE FROM MVC_BOARD WHERE BID= #{bid}
	</delete>

</mapper>




























